productTitle,Review Title,Rating,Review Body
crafts-world-every-family-has-story-welcome-ours-wall-hanging-board-plaque-sign-room-decoration-decorative-showpiece/,Perfect product!,5,Nice productREAD MORE
crafts-world-every-family-has-story-welcome-ours-wall-hanging-board-plaque-sign-room-decoration-decorative-showpiece/,Perfect product!,5,Nice productREAD MORE
productTitle,Review Title,Rating,Review Body
hall-trending-culture-dream-catcher-good-11029-decorative-showpiece-30-cm/,Great product,5,Nice üíô...and beautiful as expectedREAD MORE
hall-trending-culture-dream-catcher-good-11029-decorative-showpiece-30-cm/,Great product,5,Nice üíô...and beautiful as expectedREAD MORE
hall-trending-culture-dream-catcher-good-11029-decorative-showpiece-30-cm/,Wonderful,5,I luv it and its really really looking so goodREAD MORE
hall-trending-culture-dream-catcher-good-11029-decorative-showpiece-30-cm/,Wonderful,5,I luv it and its really really looking so goodREAD MORE
hall-trending-culture-dream-catcher-good-11029-decorative-showpiece-30-cm/,Wonderful,4,Beautiful ü§©READ MORE
hall-trending-culture-dream-catcher-good-11029-decorative-showpiece-30-cm/,Wonderful,4,Beautiful ü§©READ MORE
hall-trending-culture-dream-catcher-good-11029-decorative-showpiece-30-cm/,Good,3,Requires little finishingREAD MORE
hall-trending-culture-dream-catcher-good-11029-decorative-showpiece-30-cm/,Good,3,Requires little finishingREAD MORE


productTitle,Review Title,Rating,Review Body
dinine-craft-handicraft-wooden-handmade-wall-hanging-decoration-home-decorative-showpiece-2-cm/,Just okay,3,Rassi quality very poorREAD MORE
dinine-craft-handicraft-wooden-handmade-wall-hanging-decoration-home-decorative-showpiece-2-cm/,Just okay,3,Rassi quality very poorREAD MORE
productTitle,Review Title,Rating,Review Body
ryme-vastu-feng-shui-convex-mirror-pakwa-home-6-inch-decorative-showpiece-15-5-cm/,Highly recommended,5,Very Good product. Clean mirror finish. Very Good packing from seller. Flipkart as always‚ù§‚ù§‚ù§‚ù§READ MORE
ryme-vastu-feng-shui-convex-mirror-pakwa-home-6-inch-decorative-showpiece-15-5-cm/,Highly recommended,5,Very Good product. Clean mirror finish. Very Good packing from seller. Flipkart as always‚ù§‚ù§‚ù§‚ù§READ MORE
ryme-vastu-feng-shui-convex-mirror-pakwa-home-6-inch-decorative-showpiece-15-5-cm/,Unsatisfactory,3,Very bad item. No good finising & not good the quality. Price high. 1st time order & return  then for good one 2nd order but not satisfied. Plz Do not buy from Ryme Vestu.READ MORE
ryme-vastu-feng-shui-convex-mirror-pakwa-home-6-inch-decorative-showpiece-15-5-cm/,Unsatisfactory,3,Very bad item. No good finising & not good the quality. Price high. 1st time order & return  then for good one 2nd order but not satisfied. Plz Do not buy from Ryme Vestu.READ MORE
ryme-vastu-feng-shui-convex-mirror-pakwa-home-6-inch-decorative-showpiece-15-5-cm/,Good quality product,4,Good qualityREAD MORE
ryme-vastu-feng-shui-convex-mirror-pakwa-home-6-inch-decorative-showpiece-15-5-cm/,Good quality product,4,Good qualityREAD MORE
ryme-vastu-feng-shui-convex-mirror-pakwa-home-6-inch-decorative-showpiece-15-5-cm/,Did not meet expectations,5,Small.vestREAD MORE
ryme-vastu-feng-shui-convex-mirror-pakwa-home-6-inch-decorative-showpiece-15-5-cm/,Did not meet expectations,5,Small.vestREAD MORE
ryme-vastu-feng-shui-convex-mirror-pakwa-home-6-inch-decorative-showpiece-15-5-cm/,Really Nice,4,superREAD MORE
ryme-vastu-feng-shui-convex-mirror-pakwa-home-6-inch-decorative-showpiece-15-5-cm/,Really Nice,4,superREAD MORE
ryme-vastu-feng-shui-convex-mirror-pakwa-home-6-inch-decorative-showpiece-15-5-cm/,Does the job,3,goodREAD MORE
ryme-vastu-feng-shui-convex-mirror-pakwa-home-6-inch-decorative-showpiece-15-5-cm/,Does the job,3,goodREAD MORE


productTitle,Review Title,Rating,Review Body
ecraftindia-welcome-lady-metal-colorful-wall-hanging-decorative-showpiece-10-62-cm/,Terrific,5,Beautiful showpieceREAD MORE
ecraftindia-welcome-lady-metal-colorful-wall-hanging-decorative-showpiece-10-62-cm/,Terrific,5,Beautiful showpieceREAD MORE


productTitle,Review Title,Rating,Review Body
ecraftindia-welcome-lady-metal-colorful-wall-hanging-decorative-showpiece-10-62-cm/,Terrific,5,Beautiful showpieceREAD MORE
ecraftindia-welcome-lady-metal-colorful-wall-hanging-decorative-showpiece-10-62-cm/,Terrific,5,Beautiful showpieceREAD MORE

















